Identifier,District,PlannedDuration,Budget,EstimatedCost,ActualCost,PC1,PC2,PC3,PC4,PC5,PC6,PC7,PC8,PC9,PC10
KBDD,23,154,60930,3995,3995,-0.03564669876917074,0.004159266516400828,-0.01000748774999191,-0.0051475882045996955,-0.005266015191845453,0.0012156012381420416,-0.0050530770997187025,0.0002441864241727079,0.006493969997387682,0.0009627911843625633
KAYT,23,120,64283,41240,36872,-0.08467264317014705,0.001417448460095239,-0.010526273309433842,-0.006716426496901147,-0.003003966193682997,-0.0009689547881812365,-0.0017848934942103754,-0.0024078729982083187,0.008006288139367535,0.002288276152682093
K411,21,190,52748,49376,8364,-0.35632857622760683,0.0008567699245552612,-0.011600811385997745,0.0006987184405174662,0.00662487679829037,-0.0005522252961616708,-0.0010074547576621382,-0.0011306542864101818,0.0024772765710012238,0.0036957640241892546
Q090,27,152,102190,146069,145944,0.694381211996517,0.014791028671599434,0.006565194592166921,-0.019725996770730204,-0.014804252760404498,-0.009930840840760902,0.0067464377861972714,0.004660364062127444,0.0010925627479884616,0.005729457855030948
X655,7,169,188750,284485,246758,0.2392847231310073,0.01027177606553229,-0.0015696566118128534,-0.01347202793294509,-0.0018352466426008183,-0.009180541135640808,0.0007509338922790737,0.005931619620442716,0.005726059692875002,0.0026391390679140663
M490,3,139,449750,400858,335840,0.23104697763960738,0.0044169924092666915,-0.0051045390790642325,-0.014218271802441253,-0.0027694439150493418,-0.00308715775897321,-0.002398876893130232,0.001471806207243041,0.0009198240442229269,0.0015990308585543888
R072,31,158,461800,330405,309449,-0.08888419932351306,0.0030519701921071377,-0.008482699866929207,-0.004120583324915356,0.005920231556733439,0.005574798238572438,-0.004868323437581438,-0.0037607898749835583,0.00628827791800666,0.003378179951486844
X131,8,133,53550,118629,49832,0.3343169272061177,0.01323572825292185,-0.004094665769609724,-0.008605706880885688,-0.0055267216337156495,-0.008294702693684156,0.002135855526053109,0.010630236795976286,0.013411652077003258,0.006487155688347525
K185,20,121,117330,61063,32827,-0.3089984824335288,-0.007393671479773559,-0.021961940349072135,0.005677555740710157,0.003643411407958433,-0.00013667387768881732,-0.005177204209970456,6.7004730203373e-06,0.010973507487552641,0.006119413985459862
R450,31,147,181400,366555,332201,0.06831569722086574,0.012726583162971226,-0.010421413579696764,-0.013957315144414999,0.003380232600916412,0.02265665062549633,-0.02653659091964941,-0.026281987153882958,0.006430806961460109,-0.011307195107632327
K177,21,154,190000,104229,98442,0.06831569722086571,0.012726583162971263,-0.010421413579696743,-0.013957315144415007,0.0033802326009164177,0.02265665062549634,-0.026536590919649366,-0.02628198715388294,0.006430806961460112,-0.011307195107632324
X061,12,154,206250,314354,279152,0.0683156972208657,0.012726583162971246,-0.01042141357969675,-0.01395731514441499,0.003380232600916409,0.02265665062549632,-0.026536590919649418,-0.02628198715388294,0.006430806961460112,-0.011307195107632336
R445,31,163,429300,379907,309012,0.22358003932911585,0.020027772553368735,-0.006902744531604639,0.002762167363654955,0.004806142941836903,0.015895538943928582,-0.015100754854038615,-0.014755169796374163,0.00416161571075464,-0.004965389297401191
M158,2,188,145516,227348,196161,0.2994275031182728,0.015437054122537028,0.0009128551149783873,-0.01717863163397348,-0.00027821132271384203,0.019902612491723266,-0.01371676576665801,-0.012592156629341923,0.001146917768958709,-0.009084189938115663
K505,20,124,892900,781148,582900,0.2820912988733498,0.013664830399921337,9.7769847702735e-05,-0.006653169625046357,0.0008939626061069191,0.005476376395710922,-0.006129017169488419,-0.002297683058622259,-0.0008240025479242479,-0.0008249849318202098
M440,2,185,883400,521017,480422,-0.37725432326729463,-0.002101479355500436,-0.018644561024340575,0.0012676327024887563,0.0038359857346962276,-0.004395772516493276,-0.006161609954736355,0.009096261957432935,0.0008429413137149602,0.007817850640683357
K680,15,217,340372,153716,135902,-0.6556020215966374,-0.020785873675033033,-0.054886874285347595,-0.014622894122799384,0.011519529258049502,-0.00205426499485897,0.007965553861531506,0.005494018795669024,-0.0030393961263071962,-0.007887780011257317
Q578,27,91,321867,266408,226064,-0.6556020215966375,-0.020785873675033026,-0.05488687428534761,-0.014622894122799395,0.011519529258049489,-0.0020542649948589674,0.007965553861531516,0.005494018795669022,-0.003039396126307184,-0.00788778001125731
K337,20,108,203037,96587,87898,-0.6556020215966375,-0.020785873675033033,-0.05488687428534761,-0.014622894122799386,0.011519529258049485,-0.002054264994858964,0.007965553861531515,0.005494018795669021,-0.0030393961263071936,-0.007887780011257308
Q096,27,96,149050,356566,352367,-0.6556020215966375,-0.020785873675033022,-0.054886874285347595,-0.014622894122799398,0.011519529258049496,-0.002054264994858963,0.007965553861531508,0.005494018795669017,-0.0030393961263071884,-0.00788778001125731
Q104,27,141,62775,81374,74898,-0.5262364555022747,0.0012294381988354548,-0.020070746530796692,-0.0013712915861273725,0.005710242536291018,-0.004330147408504224,-0.007154766652600826,0.004077910756396643,0.0011258838232871033,0.011395673332678394
Q152,30,155,25472,13298,13298,0.5206945116299525,0.0035961047040694027,-0.0022552511057357103,-0.007470967154312923,-0.006031571101564911,-0.0008608625405218838,0.00024325889452565545,-0.0012802653477418614,-0.0003224872859698575,0.0036841120751368653
Q109,29,155,22635,25126,25126,0.3552267735124503,0.0025536100390004617,-0.001974966494571614,-0.00920607131436295,-0.005373054653211444,0.0011982746595630253,0.000877981605867713,0.001118607805733867,0.003869398584327138,0.0034202307686640745
X088,9,156,13056,8340,8340,0.3552267735124504,0.0025536100390004396,-0.0019749664945716097,-0.00920607131436295,-0.005373054653211456,0.0011982746595630331,0.0008779816058677141,0.001118607805733858,0.003869398584327134,0.0034202307686640775
K191,17,219,1454172,683308,630541,0.5629687556295154,0.01135285263221773,0.010668247823124113,-0.013431155946568508,-0.00512081016249083,-0.0010227807741888637,-0.002043119398929613,0.003118079984286804,-0.0018445900393103338,-0.001302608165808244
R005,31,144,102919,446883,181926,0.42777457157688664,0.005805204546330944,0.004202282246695398,-0.007981441320383849,-0.0071182674987090595,-0.007639911799429168,-0.0011285084663207295,0.003030998111837533,-0.0013392357515933362,0.0033513592088887426
Q116,29,156,233321,160551,88577,-0.01910717867526189,0.0034891155243711052,-0.008424596960973108,-0.010522307408958743,0.0024550010090403163,-0.005499214395378696,-0.0013915628199511092,0.004156996883390788,-0.00369391177898998,0.003875280126870557
K171,19,153,188350,117901,105589,0.22348829826820937,-0.025582466466542296,0.007271335589753243,0.011594759164472885,0.0037731861915562773,0.011738767493629568,-0.014407149647101741,0.014803771979577373,-0.00915866101022131,0.003485607873061534
K110,14,155,62138,171537,163959,0.22348829826820946,-0.025582466466542303,0.007271335589753237,0.01159475916447288,0.0037731861915562856,0.011738767493629591,-0.01440714964710174,0.014803771979577362,-0.009158661010221303,0.0034856078730615423
M234,2,153,143751,187935,120611,0.2234882982682094,-0.025582466466542293,0.007271335589753242,0.011594759164472876,0.003773186191556283,0.011738767493629584,-0.014407149647101762,0.014803771979577354,-0.009158661010221296,0.003485607873061539
Q410,27,153,199839,227987,216686,0.128593179211374,-0.023841576720335676,0.0027398216295701845,0.004692211047421785,-0.0006236613050339888,0.007527674622165994,0.004154575495453222,-0.004301004337790182,-0.0025782863435287015,0.008428667172759599
K106,32,154,618501,512890,404215,0.12268254904242132,-0.02546409275021021,0.0031061657051573914,0.004314208797121117,-0.0010573529843232962,0.0033795707219276593,0.004774339863116728,-0.005181078764336926,0.001399619826422862,0.0009892783045839014
X498,11,156,137389,165125,165125,0.18181531736709042,-0.02809933557068716,0.0067678471208991575,0.0066586714017425955,0.007252995052205389,0.0037701718679158205,-0.008171412105333549,0.008120242719666668,-0.008825392642712026,0.0042239945621808765
R029,31,154,274324,317096,301843,0.16112150349201326,-0.02906304072295375,0.006218770225031989,0.005694554301896268,0.0047417080260304546,-0.0004755840385165278,-0.004315211082245687,0.0039148443752798755,-0.0022912395952881426,-0.004024074433925551
Q263,29,159,572361,436832,413369,0.1820586165304343,-0.017035084568539523,0.006852248849919395,0.0006967672146575795,0.004712802265587931,0.00024890268182520644,-0.0026182672480978475,0.0038118123396413007,0.0004271832223205811,-0.004256110821405076
X024,10,154,216989,324406,171108,0.22212172530353003,-0.0053865447131217535,-0.0017750465058106143,-0.0007372604800375352,0.002108551872184674,0.008367871193205846,-0.010094709175058305,0.00254049728505976,0.0018404818060850365,0.00861162008605048
Q680,28,186,644000,704713,540026,0.3488902598609572,0.0007557871880403313,0.006424013052495436,-0.007542862669806026,-0.002316627835182199,0.00370492819890847,-0.0011850099358311835,0.0035686054789336313,-0.003054154998235073,-0.004651663275620634
Q189,25,153,785001,680915,614940,0.11864702638494774,-0.026742255324758487,0.003548616994531855,0.0030595923787006887,0.0014876355249432277,0.0007884707707693794,0.004695298741350902,-0.005192029288790346,-0.00019346307754436272,0.0017745222435901322
X016,11,158,281335,358696,358696,0.17548597847546538,-0.004516595210792442,-0.0006202634047107835,0.0020130179274132046,-0.0015071533430911948,0.003850128067492428,-0.0010541134380668128,0.00033286793109269376,0.0023084083743943056,0.007088461553393153
K239,21,257,1350000,401602,401214,0.14258666565850708,-0.026627855067785713,0.00323683996742932,0.00341659036591415,0.0013032301692749077,-0.0013578696315566065,0.003434050010440499,-0.004201106335889725,0.0011684183209833316,0.0019505558991048191
K043,21,154,572050,366045,366045,-0.06659328347291243,-0.02440608269171737,-0.002729508363684162,-0.00037130966913852574,0.010321074382597297,-0.008537999382365796,0.0003708490520078724,0.0021785839420667397,0.0012826579385698503,0.004095941667080904
Q020,25,185,564660,565719,531234,0.16568829193735238,0.010863023221419812,0.0012669921640057528,-0.009720777506353433,0.001497391036878176,0.00859273606870546,-0.0029968456818303046,0.000167036916498419,-0.003691846817167489,0.0019504781450109
M154,5,188,72239,47899,47899,0.625478424566948,0.017710918348274613,0.013326727148422772,-0.02078162801115366,-0.0020788293834919313,0.011334981797865615,0.0006122974864251211,0.0008251126854582057,-0.0013088225623510278,-0.004628312432689008
X148,9,153,71215,144147,127542,0.03369805044899927,-0.022100685681600844,-0.0017916980530088729,-0.0022103392568763396,-0.005020510539996612,0.0033165766634758965,0.022716305080948792,-0.02340578293079529,0.004002097856410664,0.013371727339867455
Q163,25,157,60030,54487,54487,0.03369805044899926,-0.022100685681600826,-0.0017916980530088738,-0.0022103392568763396,-0.005020510539996605,0.003316576663475895,0.022716305080948792,-0.02340578293079529,0.004002097856410666,0.013371727339867438
Q098,26,159,49230,59433,59433,0.03369805044899926,-0.02210068568160083,-0.0017916980530088777,-0.002210339256876339,-0.005020510539996608,0.003316576663475896,0.022716305080948792,-0.02340578293079528,0.004002097856410664,0.013371727339867457
Q181,29,155,486988,337674,337674,0.14219036480200128,-0.016431383421926283,0.0003085580058319543,0.005180402433105734,-0.002519280581242973,-0.0006768316294793052,0.004854833518039961,-0.0031544850512631372,0.003167437889688499,-0.005207204537127718
X184,7,156,216529,258283,253006,0.12256839892652993,-0.025699875050085027,0.0033440267470241387,0.0031110618424097765,0.00234359732653502,0.0035887266817976144,0.00418367014676489,-0.0044901643275223856,-0.00369439188646505,0.007883089909891733
K096,21,242,986690,508046,500502,0.14258666995233812,-0.026627861941762275,0.0032368416304444057,0.0034165884625325343,0.0013032358950529099,-0.0013578791900197467,0.0034340511918890316,-0.004201107450114639,0.001168410069780229,0.0019505689436220498
Q220,28,234,338529,343453,282241,0.38042571319753493,0.020884331690942344,-0.007908728996415733,0.022896001704143226,0.007217237865939698,0.0007379455063501681,0.00873687577031519,-0.007339139109234371,0.0011929365663360576,0.0029951438611991355
R039,31,154,208391,251292,251292,0.12268254918321564,-0.02546408793937417,0.003106155053304629,0.004314204241088011,-0.0010573512637567838,0.0033795660932986193,0.004774332986334438,-0.005181084010372886,0.001399622230618608,0.0009892775143686906
R022,31,152,499671,689473,559681,0.11864702303043066,-0.02674225468995802,0.0035486118873457955,0.0030595880855252494,0.0014876444942587056,0.0007884724966296288,0.004695287934273963,-0.005192040792239687,-0.00019345108723413967,0.0017745248345787598
Q123,27,218,1195500,379120,379120,0.14258666617321317,-0.026627856053714125,0.0032368430034203726,0.0034165811177303135,0.0013032377104241918,-0.0013578793663621515,0.003434058720780015,-0.004201113476740007,0.0011684283291423447,0.001950561474873646
X113,11,231,1366350,650708,631971,0.14258667609076678,-0.02662785916807182,0.003236842347111859,0.0034165873508898857,0.0013032362782120644,-0.001357876301173821,0.003434061950509522,-0.004201111421496511,0.001168428714780733,0.0019505607504744958
M660,2,154,180499,136798,113147,0.1601194449715456,-0.024261556972184944,0.002465096599015528,0.004865484522032309,-0.0004595700600668285,0.003174941833321395,0.00249697902482482,-0.0030919141813940208,-0.00019469229843826615,0.007344286000085511
K194,22,169,549500,372616,264278,0.04307997031553001,0.013434138167415581,-0.007371451675459218,-0.01872581964356651,0.019711022457533863,0.007153152501117582,0.016333687978300076,0.007301982484515717,-0.016519036912718624,-0.0038574112111019864
M046,5,174,599870,474146,356804,0.043079970315530014,0.013434138167415587,-0.00737145167545922,-0.018725819643566503,0.019711022457533863,0.0071531525011175896,0.016333687978300072,0.007301982484515717,-0.016519036912718627,-0.003857411211101991
X110,9,154,748896,685297,539008,0.1932714491261662,-0.0010813976529815963,0.0012862400349650089,-0.009459091890241467,0.010041294915517952,0.006807595899411272,0.0014765634298302675,0.006227046402757801,-0.009503053008640005,-0.0008820304190666464
K302,19,170,347914,236961,225661,0.37587908666148934,0.015878022799046085,0.004456087490605482,-0.019900561796604488,0.007259672678430049,0.009542769060446718,0.007350040135022107,0.0036009132347244034,-0.007827505079549041,-0.0042979133647963255
X049,7,188,801894,676158,598973,0.37642594458325196,0.016926640689445122,0.004670721338306138,-0.015653629013561127,0.005944566949142999,0.006201360034746279,0.012004920471378576,0.00660216837424975,-0.014221949563869971,-0.005283618369092165
X047,12,174,636000,556622,552207,0.2647202741038664,0.015726523085305515,0.0004402770464199541,-0.015900770191536687,0.008051666804893004,0.008208639740375175,0.011821079496486276,0.005557991844772634,-0.015067431772601596,-0.004392950093543331
K067,13,169,661316,480192,458553,0.23376322531764762,0.014425913870438099,0.001755355214207548,-0.01663260443298053,0.009139253775644209,0.008398039864766236,0.009038640489686419,0.004493691027527363,-0.009733469687468571,-0.002390241063065933
K455,16,137,163980,126181,111821,0.7315677400143272,0.016689653884696783,0.011448958204399754,-0.02030252724385755,-0.007616572775387371,-0.011083041502311763,0.007201966751972242,0.002000602834624383,0.003013477591694282,-0.004492498296376144
Q440,28,159,93850,149354,119117,0.16398076522753804,0.008872580203509653,0.0007423329797698017,-0.010705354881429442,-0.00010785713720892919,0.005843360814042673,-0.002135234053683696,0.0022360459333274425,-0.001252701281859299,-0.0012991784544045466
R072,31,153,836921,761380,519647,0.23432129287093056,-0.00602244685403883,0.0005404060554595415,-0.002507820715199654,-0.003938896949429194,0.0021251365098208515,0.007917971442193028,-0.0066895369189848425,0.0026425530536205713,-0.00012063371481574716
Q026,26,154,105958,68745,65309,0.46260221933165746,0.0019070538217132945,0.0015169630311007668,-0.009951672713362478,-0.0076721504916401695,0.0013572158731651924,0.02147468935761112,-0.01330597528396475,0.007800263654895505,-0.00012407289930855197
K406,21,154,193391,211168,167748,0.43701066761850155,0.004287192404435909,0.00163642767548626,-0.009138004864298768,-0.007477831776668372,0.0008673626810901774,0.012505929377907959,-0.005802283558344553,0.0005631048246533504,8.737902577292175e-05
Q139,28,178,27000,29485,29485,-0.4003850940027061,0.00899583448509931,0.02285451665993432,-0.0008836539021810016,-0.011402691294798428,0.009002844305860298,0.010121649382302544,-0.0015191605400214129,-0.0036137824784691374,-0.009355465536019405
K655,15,175,26100,25063,25063,-0.46675432636638553,0.0030110280041687567,-0.0038960635050054176,0.009201155616805292,-0.02048575515506214,0.008291300738629716,0.0022982492032136937,0.003633576478851156,-0.0020532017838523157,-0.0003411730337632988
M440,2,178,15380,27643,27643,-0.46675432636638553,0.0030110280041687567,-0.003896063505005417,0.009201155616805288,-0.020485755155062135,0.008291300738629714,0.002298249203213694,0.003633576478851155,-0.0020532017838523157,-0.0003411730337632989
K035,16,181,23850,22197,22197,-0.46675432636638553,0.003011028004168757,-0.0038960635050054176,0.009201155616805288,-0.020485755155062138,0.008291300738629716,0.002298249203213694,0.0036335764788511574,-0.002053201783852316,-0.00034117303376329913
X184,7,180,15956,14226,14226,-0.46675432636638553,0.0030110280041687567,-0.0038960635050054168,0.009201155616805292,-0.020485755155062138,0.008291300738629718,0.0022982492032136933,0.003633576478851156,-0.002053201783852316,-0.0003411730337632988
M136,5,180,14710,17872,17872,-0.46675432636638553,0.0030110280041687563,-0.003896063505005417,0.009201155616805292,-0.020485755155062138,0.008291300738629713,0.0022982492032136937,0.003633576478851154,-0.0020532017838523152,-0.000341173033763299
K145,32,182,22500,24538,24538,-0.46675432636638553,0.003011028004168757,-0.003896063505005417,0.009201155616805292,-0.020485755155062138,0.008291300738629716,0.0022982492032136937,0.003633576478851156,-0.002053201783852316,-0.000341173033763299
M155,4,181,17145,3788,3788,-0.46675432636638553,0.003011028004168757,-0.003896063505005417,0.009201155616805292,-0.020485755155062138,0.008291300738629714,0.0022982492032136946,0.003633576478851154,-0.002053201783852316,-0.00034117303376329875
K189,17,180,16740,17785,17785,-0.46675432636638553,0.0030110280041687563,-0.003896063505005417,0.009201155616805292,-0.020485755155062138,0.008291300738629716,0.0022982492032136937,0.0036335764788511552,-0.002053201783852316,-0.00034117303376329875
X193,12,178,23461,16512,16512,-0.46675432636638553,0.0030110280041687567,-0.0038960635050054168,0.009201155616805288,-0.02048575515506214,0.00829130073862972,0.0022982492032136937,0.0036335764788511552,-0.0020532017838523157,-0.0003411730337632989
K024,15,182,17460,7633,7633,-0.46675432636638553,0.0030110280041687563,-0.003896063505005417,0.009201155616805292,-0.020485755155062135,0.008291300738629718,0.0022982492032136937,0.003633576478851155,-0.002053201783852315,-0.0003411730337632996
X027,7,180,23400,14777,14777,-0.46675432636638553,0.003011028004168757,-0.003896063505005417,0.009201155616805292,-0.020485755155062138,0.008291300738629714,0.0022982492032136937,0.0036335764788511552,-0.0020532017838523157,-0.0003411730337632988
K307,13,179,21870,705,705,-0.46675432636638553,0.003011028004168757,-0.0038960635050054168,0.009201155616805292,-0.020485755155062138,0.008291300738629716,0.0022982492032136933,0.003633576478851155,-0.0020532017838523152,-0.000341173033763299
M075,3,182,21600,10624,10624,-0.46675432636638553,0.003011028004168757,-0.003896063505005417,0.009201155616805292,-0.020485755155062138,0.008291300738629714,0.0022982492032136933,0.003633576478851156,-0.0020532017838523152,-0.000341173033763299
M646,4,181,18045,2712,2712,-0.46675432636638553,0.003011028004168757,-0.003896063505005417,0.009201155616805292,-0.020485755155062138,0.008291300738629714,0.0022982492032136933,0.003633576478851156,-0.0020532017838523152,-0.000341173033763299
M876,6,176,6646,12705,12705,0.10801365046300372,0.012263776437538334,0.003441308025094676,-0.009279948427638959,-0.008208004259339916,0.003031979991940338,0.00872775860888968,0.00444069396322577,-0.008182066348234212,-0.003294713258815235
K174,19,181,23267,6501,6501,-0.4628501037867513,0.0077426794373927,0.003735536418854381,0.008756387080045848,-0.0214902965695821,0.010634248840794726,0.002985327625087847,0.0006686455472651376,-0.0021021031565618305,-0.003639478645131724
K017,14,182,17487,13718,13718,-0.4628501037867513,0.0077426794373927,0.003735536418854381,0.008756387080045848,-0.0214902965695821,0.010634248840794726,0.002985327625087847,0.0006686455472651376,-0.0021021031565618305,-0.003639478645131724
K346,19,181,22833,5485,5485,-0.4628501037867513,0.0077426794373927,0.003735536418854381,0.008756387080045848,-0.0214902965695821,0.010634248840794726,0.002985327625087847,0.0006686455472651376,-0.0021021031565618305,-0.003639478645131724
K304,16,180,21245,32295,32295,-0.5380868494486295,0.01159518564637197,0.011901857101281898,-0.0010988662477142918,0.00694356365664158,-0.004526114672654239,-0.00045370204989302217,-0.0008152635384771758,0.0012466942803696086,7.738108372992678e-05
K913,32,177,21240,8247,8247,-0.5380868494486295,0.01159518564637197,0.011901857101281898,-0.0010988662477142918,0.00694356365664158,-0.004526114672654239,-0.00045370204989302217,-0.0008152635384771758,0.0012466942803696086,7.738108372992678e-05
K383,32,183,16020,11550,11550,-0.5380868494486295,0.01159518564637197,0.011901857101281898,-0.0010988662477142918,0.00694356365664158,-0.004526114672654239,-0.00045370204989302217,-0.0008152635384771758,0.0012466942803696086,7.738108372992678e-05
Q074,26,182,20403,18493,18493,-0.5380868494486295,0.01159518564637197,0.011901857101281898,-0.0010988662477142918,0.00694356365664158,-0.004526114672654239,-0.00045370204989302217,-0.0008152635384771758,0.0012466942803696086,7.738108372992678e-05
K857,19,178,16638,12866,12866,-0.5380868494486295,0.01159518564637197,0.011901857101281898,-0.0010988662477142918,0.00694356365664158,-0.004526114672654239,-0.00045370204989302217,-0.0008152635384771758,0.0012466942803696086,7.738108372992678e-05
M017,2,177,22694,7555,7555,-0.5380868494486295,0.01159518564637197,0.011901857101281898,-0.0010988662477142918,0.00694356365664158,-0.004526114672654239,-0.00045370204989302217,-0.0008152635384771758,0.0012466942803696086,7.738108372992678e-05
M108,4,177,18537,14187,14187,-0.5380868494486295,0.01159518564637197,0.011901857101281898,-0.0010988662477142918,0.00694356365664158,-0.004526114672654239,-0.00045370204989302217,-0.0008152635384771758,0.0012466942803696086,7.738108372992678e-05
M123,5,182,24157,14997,14997,-0.5380868494486295,0.01159518564637197,0.011901857101281898,-0.0010988662477142918,0.00694356365664158,-0.004526114672654239,-0.00045370204989302217,-0.0008152635384771758,0.0012466942803696086,7.738108372992678e-05
M132,6,181,25622,112,112,-0.5380868494486295,0.01159518564637197,0.011901857101281898,-0.0010988662477142918,0.00694356365664158,-0.004526114672654239,-0.00045370204989302217,-0.0008152635384771758,0.0012466942803696086,7.738108372992678e-05
M146,4,176,15160,13061,13061,-0.5380868494486295,0.01159518564637197,0.011901857101281898,-0.0010988662477142918,0.00694356365664158,-0.004526114672654239,-0.00045370204989302217,-0.0008152635384771758,0.0012466942803696086,7.738108372992678e-05
X152,8,181,25567,2368,2368,-0.5380868494486295,0.01159518564637197,0.011901857101281898,-0.0010988662477142918,0.00694356365664158,-0.004526114672654239,-0.00045370204989302217,-0.0008152635384771758,0.0012466942803696086,7.738108372992678e-05
K157,14,177,24786,5577,5577,-0.5380868494486295,0.01159518564637197,0.011901857101281898,-0.0010988662477142918,0.00694356365664158,-0.004526114672654239,-0.00045370204989302217,-0.0008152635384771758,0.0012466942803696086,7.738108372992678e-05
M161,5,181,22050,13154,13154,-0.5380868494486295,0.01159518564637197,0.011901857101281898,-0.0010988662477142918,0.00694356365664158,-0.004526114672654239,-0.00045370204989302217,-0.0008152635384771758,0.0012466942803696086,7.738108372992678e-05
Q178,26,182,16020,19795,19795,-0.5380868494486295,0.01159518564637197,0.011901857101281898,-0.0010988662477142918,0.00694356365664158,-0.004526114672654239,-0.00045370204989302217,-0.0008152635384771758,0.0012466942803696086,7.738108372992678e-05
Q186,26,177,20880,12983,12983,-0.5380868494486295,0.01159518564637197,0.011901857101281898,-0.0010988662477142918,0.00694356365664158,-0.004526114672654239,-0.00045370204989302217,-0.0008152635384771758,0.0012466942803696086,7.738108372992678e-05
M002,2,177,16830,4362,4362,-0.5380868494486295,0.01159518564637197,0.011901857101281898,-0.0010988662477142918,0.00694356365664158,-0.004526114672654239,-0.00045370204989302217,-0.0008152635384771758,0.0012466942803696086,7.738108372992678e-05
K206,22,176,17007,5539,5539,-0.5380868494486295,0.01159518564637197,0.011901857101281898,-0.0010988662477142918,0.00694356365664158,-0.004526114672654239,-0.00045370204989302217,-0.0008152635384771758,0.0012466942803696086,7.738108372992678e-05
K213,19,180,19776,19202,19202,-0.5380868494486295,0.01159518564637197,0.011901857101281898,-0.0010988662477142918,0.00694356365664158,-0.004526114672654239,-0.00045370204989302217,-0.0008152635384771758,0.0012466942803696086,7.738108372992678e-05
K023,14,179,23170,13115,13115,-0.5380868494486295,0.01159518564637197,0.011901857101281898,-0.0010988662477142918,0.00694356365664158,-0.004526114672654239,-0.00045370204989302217,-0.0008152635384771758,0.0012466942803696086,7.738108372992678e-05
K238,21,179,19997,29225,29225,-0.5380868494486295,0.01159518564637197,0.011901857101281898,-0.0010988662477142918,0.00694356365664158,-0.004526114672654239,-0.00045370204989302217,-0.0008152635384771758,0.0012466942803696086,7.738108372992678e-05
K273,19,180,18697,5719,5719,-0.5380868494486295,0.01159518564637197,0.011901857101281898,-0.0010988662477142918,0.00694356365664158,-0.004526114672654239,-0.00045370204989302217,-0.0008152635384771758,0.0012466942803696086,7.738108372992678e-05
K003,13,177,14175,5910,5910,-0.5380868494486295,0.01159518564637197,0.011901857101281898,-0.0010988662477142918,0.00694356365664158,-0.004526114672654239,-0.00045370204989302217,-0.0008152635384771758,0.0012466942803696086,7.738108372992678e-05
K328,19,180,19122,4859,4859,-0.5380868494486295,0.01159518564637197,0.011901857101281898,-0.0010988662477142918,0.00694356365664158,-0.004526114672654239,-0.00045370204989302217,-0.0008152635384771758,0.0012466942803696086,7.738108372992678e-05
K038,15,177,17240,2008,2008,-0.5380868494486295,0.01159518564637197,0.011901857101281898,-0.0010988662477142918,0.00694356365664158,-0.004526114672654239,-0.00045370204989302217,-0.0008152635384771758,0.0012466942803696086,7.738108372992678e-05
M048,6,178,18908,15648,15648,-0.5380868494486295,0.01159518564637197,0.011901857101281898,-0.0010988662477142918,0.00694356365664158,-0.004526114672654239,-0.00045370204989302217,-0.0008152635384771758,0.0012466942803696086,7.738108372992678e-05
X062,8,182,17586,11357,11357,-0.5380868494486295,0.01159518564637197,0.011901857101281898,-0.0010988662477142918,0.00694356365664158,-0.004526114672654239,-0.00045370204989302217,-0.0008152635384771758,0.0012466942803696086,7.738108372992678e-05
M072,4,178,21099,16109,16109,-0.5380868494486295,0.01159518564637197,0.011901857101281898,-0.0010988662477142918,0.00694356365664158,-0.004526114672654239,-0.00045370204989302217,-0.0008152635384771758,0.0012466942803696086,7.738108372992678e-05
Q079,25,178,28281,8198,8198,-0.5380868494486295,0.01159518564637197,0.011901857101281898,-0.0010988662477142918,0.00694356365664158,-0.004526114672654239,-0.00045370204989302217,-0.0008152635384771758,0.0012466942803696086,7.738108372992678e-05
M096,4,182,17936,16641,16641,-0.5380868494486295,0.01159518564637197,0.011901857101281898,-0.0010988662477142918,0.00694356365664158,-0.004526114672654239,-0.00045370204989302217,-0.0008152635384771758,0.0012466942803696086,7.738108372992678e-05
K009,13,177,14175,5814,5814,-0.5380868494486295,0.01159518564637197,0.011901857101281898,-0.0010988662477142918,0.00694356365664158,-0.004526114672654239,-0.00045370204989302217,-0.0008152635384771758,0.0012466942803696086,7.738108372992678e-05
Q595,28,177,16116,3304,3304,-0.5380868494486295,0.01159518564637197,0.011901857101281898,-0.0010988662477142918,0.00694356365664158,-0.004526114672654239,-0.00045370204989302217,-0.0008152635384771758,0.0012466942803696086,7.738108372992678e-05
M107,4,177,10852,9588,9588,-0.5380868494486295,0.01159518564637197,0.011901857101281898,-0.0010988662477142918,0.00694356365664158,-0.004526114672654239,-0.00045370204989302217,-0.0008152635384771758,0.0012466942803696086,7.738108372992678e-05
X034,10,182,23314,13564,13564,-0.5380868494486295,0.01159518564637197,0.011901857101281898,-0.0010988662477142918,0.00694356365664158,-0.004526114672654239,-0.00045370204989302217,-0.0008152635384771758,0.0012466942803696086,7.738108372992678e-05
K093,13,178,20610,705,705,-0.567612622183406,0.0014780896255895525,0.0037321824105745007,0.00042665283264079965,-0.001219666401295221,0.0004234454173465582,0.0012319319367042902,-0.0031012395667416605,-0.000731716700822219,0.00018893816318197484
Q509,27,155,1055970,594384,439006,-0.011895997972206763,0.006193625710851293,-0.008714490472506478,-0.006400528245258696,-0.003098893013147363,-0.002207104646702706,1.6468611321217313e-05,0.002074804692766678,0.0016787166201567229,-0.0008628638205273998
M047,2,184,138650,360287,244457,0.6264354012332654,0.019546010808715705,0.013702359007482897,-0.013349475255933897,-0.004380269174892947,0.005487507461850683,0.008758355855503726,0.006077317475091055,-0.012499132188419767,-0.006353262440011796
M470,3,188,561061,598978,388374,0.5273447892529993,0.024236297071871894,0.005843358944688593,-0.002562992740977648,0.0016444111329421563,0.006784249875003209,0.0022575979677300693,0.00023481936114751523,-0.006985631929674635,-0.003647091837841903
M056,1,189,136900,172065,162459,0.4863605582127901,0.018018905769830597,0.008251993617564084,-0.013075735409128805,-0.003607696657622564,0.00926412674064862,0.007308469131408103,0.003814002173524373,-0.013615823336164656,-0.004928480341041546
M183,2,182,30000,3634,3634,-0.4631868201785839,0.0012408778866770207,-0.0016826378019474677,0.002526729481920475,-0.009742500352408524,0.007104860493548382,0.0008176418263183741,0.0014347353579170974,-0.0026704171320196773,-9.04056107680908e-05
X073,9,135,95049,138877,22783,0.40198088875293686,0.009200394376026747,0.0024396931468629946,0.0013377803997638381,-0.010008525276315123,0.002574207176981539,0.004127549264476193,0.009225206837545716,0.016184316750812194,-0.0154232141211297
Q168,25,156,64620,34019,34019,0.42444649118336086,0.015417680812217298,0.010882171640384342,-0.014539378247813426,-0.0014325209729577062,0.009642937888574227,0.0017435991895597231,0.0016854130713920836,-0.0029478899585259977,-0.0009230751265164305
K014,22,151,149793,190998,148412,0.18181532210681148,-0.028099333914953447,0.006767841410251579,0.006658674145428445,0.007252994888473152,0.0037701633733601843,-0.008171408620660216,0.008120254901673587,-0.008825386449309717,0.004223993795623615
Q234,30,154,175017,231178,224443,0.1225684098235829,-0.025699873480242736,0.003344024086221589,0.0031110687342057806,0.002343594648925943,0.003588729127277366,0.004183672443375347,-0.004490155745273234,-0.003694394648811208,0.007883083629390112
X235,9,153,299610,297020,297020,0.11864702809971005,-0.026742255632991856,0.0035486140902363426,0.003059591995985591,0.0014876379750814067,0.0007884736257363763,0.004695297425407225,-0.0051920248895773995,-0.00019346233515326962,0.0017745272256943709
K500,18,257,1059470,453969,453969,0.16112150879382542,-0.029063039776102657,0.006218762991269445,0.005694545710245041,0.004741713672686937,-0.00047558229243439755,-0.0043152164029756895,0.0039148476157709776,-0.0022912386581549027,-0.00402407397250054
Q019,24,155,488781,445368,335560,0.16124465611279765,-0.030342903242817708,0.003899544781141096,0.0017157548811851248,0.0038724288661601035,-0.013205265158759052,0.002473355329254472,-0.004067909930489308,0.00616402369995706,-0.0066869136389445605
Q425,25,123,12325,26780,1319,0.4540294893843105,0.00629209865049726,0.004650750364430208,-0.009740792806207946,-0.002072392219963021,-0.002779281982841073,0.0067827114499559565,0.0011362482215172812,0.007231665440515312,-0.0022013705354325215
R029,31,126,6627,6627,22928,0.019061970169249758,0.00020794470803352542,-0.011226395190364244,-0.0010264983505111865,-0.010397449699933774,-0.0008165935427105996,-0.0078329270032076,0.0037418433189414855,0.020360624125424606,0.0038517376258795652
Q131,29,139,733051,646606,553179,0.19591567243213287,-0.00809290739506082,-0.0011553374981482635,3.22127112253707e-05,-0.003871657755869987,-1.5217930096645959e-05,0.002115561348946055,-0.0015801254689751314,-0.0006935324338149063,0.00661294503062479
Q145,30,152,509820,345117,338554,0.496001586387065,0.03521266693266973,-0.009947734367800389,0.03126477295737592,0.011296477155596294,-0.00012161530958333131,0.0040770722629177745,-0.0019835913187148395,0.00025654865850179443,-0.0004637147916263381
Q025,25,159,398750,580981,501912,0.496001586387065,0.03521266693266973,-0.009947734367800389,0.03126477295737592,0.011296477155596294,-0.00012161530958333131,0.0040770722629177745,-0.0019835913187148395,0.00025654865850179443,-0.0004637147916263381
Q018,26,153,321000,357891,303058,0.496001586387065,0.03521266693266973,-0.009947734367800389,0.03126477295737592,0.011296477155596294,-0.00012161530958333131,0.0040770722629177745,-0.0019835913187148395,0.00025654865850179443,-0.0004637147916263381
Q026,26,211,433020,239026,226111,0.496001586387065,0.03521266693266973,-0.009947734367800389,0.03126477295737592,0.011296477155596294,-0.00012161530958333131,0.0040770722629177745,-0.0019835913187148395,0.00025654865850179443,-0.0004637147916263381
Q037,29,154,617025,584541,572580,0.496001586387065,0.03521266693266973,-0.009947734367800389,0.03126477295737592,0.011296477155596294,-0.00012161530958333131,0.0040770722629177745,-0.0019835913187148395,0.00025654865850179443,-0.0004637147916263381
Q177,26,153,480196,554257,549191,0.496001586387065,0.03521266693266973,-0.009947734367800389,0.03126477295737592,0.011296477155596294,-0.00012161530958333131,0.0040770722629177745,-0.0019835913187148395,0.00025654865850179443,-0.0004637147916263381
X149,7,154,378200,471846,449118,0.4515947007321127,0.029730295349906507,-0.007431696937807682,0.02165303236976938,0.007790402977078549,0.00020251843956535032,0.0043505124287986485,6.54924830655586e-05,-0.0029329542586474817,-0.0007735141445159951
M054,3,154,403680,430519,415270,0.4960015846948214,0.03521266901190881,-0.00994774082527332,0.031264776512404925,0.01129648137409187,-0.00012162543129199752,0.004077084495611173,-0.001983588697850721,0.0002565435185026957,-0.0004637154638702261
K050,14,156,397000,346905,331656,0.4960015846948214,0.03521266901190881,-0.00994774082527332,0.031264776512404925,0.01129648137409187,-0.00012162543129199752,0.004077084495611173,-0.001983588697850721,0.0002565435185026957,-0.0004637154638702261
Q079,25,183,393600,329912,285767,0.4960015846948214,0.03521266901190881,-0.00994774082527332,0.031264776512404925,0.01129648137409187,-0.00012162543129199752,0.004077084495611173,-0.001983588697850721,0.0002565435185026957,-0.0004637154638702261
Q088,24,136,87340,111596,111596,0.34215832042555455,0.017780147264237912,-0.010820974922877516,0.0192990709030895,-0.00033993514425399815,-0.007309398470548892,0.004330127986343647,0.00022991191325956103,0.004681023166839871,-0.01589144857818052
K274,32,124,76093,125092,106898,-0.13629975972307434,0.0014402162007420968,-0.014747434525372936,-0.0018371131455374038,0.0005381595373871789,-0.0031095986208484936,0.0005714608540113155,0.0036909986992982842,0.006778266752295768,-0.006244583066759525
K834,15,169,56505,62222,43942,0.627850727668207,0.010838303742791563,0.00536327532688218,-0.008431687617816007,-0.012822922621015226,-0.010647243167708579,0.004664312435628464,0.003598437411996415,0.007850985026738371,-0.0072770939711780955
Q452,30,159,67278,18632,18632,0.09214441429653701,0.0033972439147272066,-0.0005319379882164609,-0.011761819692197919,0.0051537763421186655,0.0039480254441637466,0.0011184163672481393,0.00404080250686553,-0.002645047559031113,0.004864617828413767
R880,31,154,112250,81245,71982,0.22121066285951277,0.008077407019595974,-0.007805964239102501,-0.008958619627928936,0.0009987957609953943,0.006120600861503306,-0.0072197394405496326,-0.0056350165719524625,0.009173246653253045,0.012028961812296015
Q220,28,185,269594,431865,343766,0.12972805828684011,0.008640163360040065,-0.0026782486205968827,-0.012815855544421167,0.003151707170095979,0.008491802027742234,-0.00484587491802302,-0.005587756844109036,-0.0015393233602654557,0.00028305205335383025
Q462,25,154,45329,90862,72646,0.3831152223727938,0.003418610412210995,0.0067123503086513004,-0.016907058321267716,0.0004226325189238505,0.0009227118859232903,0.0015146108091669836,-0.003700181808056687,0.002995003714415749,0.006460643119469292
Q851,29,154,76605,67890,48796,0.3831152223727938,0.003418610412210995,0.0067123503086513004,-0.016907058321267716,0.0004226325189238505,0.0009227118859232903,0.0015146108091669836,-0.003700181808056687,0.002995003714415749,0.006460643119469292
Q139,28,159,321800,409279,318832,-0.10386904626241726,0.005169496069995016,-0.010825047094998964,-0.004739420995993053,0.0018708991800925057,-0.000988691659194248,-0.0009464682368523804,-0.002345444672963547,-0.005436327405540007,0.007938694627374102
M093,6,156,111889,107297,98454,0.0990400760265286,-0.03195416772440596,0.004571548992162461,0.002802215747888169,-0.002792131239012471,-0.013212839284683862,0.0072533896320761656,-0.008701363569407107,0.01731123283553554,-0.02876828494014324
Q105,27,154,224250,328382,288862,0.18200556080266198,-0.02770636601810124,0.006371403411431222,0.008663915039073074,0.001584746961463325,0.003421568700539214,-0.007186974744027189,0.006968724483155002,-0.00033536523607525707,-0.007265684402946344
Q268,29,159,117036,117483,109872,0.18200556080266198,-0.02770636601810124,0.006371403411431222,0.008663915039073074,0.001584746961463325,0.003421568700539214,-0.007186974744027189,0.006968724483155002,-0.00033536523607525707,-0.007265684402946344
K081,16,157,296459,147712,62623,0.12268255609334013,-0.025464092241204217,0.003106159043145784,0.0043142115783382975,-0.0010573505404811608,0.0033795679698190822,0.0047743349843121,-0.005181073847735505,0.0013996132624712074,0.0009892776383389511
X155,7,235,679460,243755,243755,0.16112150719140553,-0.029063039483840054,0.0062187699046836326,0.005694558183244649,0.004741710670756347,-0.00047558367827056386,-0.004315213071340845,0.003914844946356264,-0.0022912339078681875,-0.004024076299133271
M025,1,152,586080,583102,537959,0.18687400169940935,-0.013145703476347899,0.00020816284527223325,-0.0005853757737878648,0.0031376104449387437,0.002351354667702006,-0.005560014034437818,-0.0001779527695505971,0.002622126981954799,0.0028557956840299676
M163,3,247,1012328,404083,404083,0.1425866721910285,-0.026627853727521075,0.00323684483591406,0.0034165887676573716,0.0013032330863983947,-0.0013578729042781979,0.0034340547972774556,-0.004201107788853941,0.0011684195463372508,0.0019505594652418112
Q158,26,154,896473,386018,202529,0.1186470250552753,-0.026742254149244207,0.0035486136291983804,0.003059586209422215,0.0014876471265305954,0.0007884738477164923,0.004695286040729888,-0.005192038954880955,-0.0001934533009137962,0.0017745262341298993
Q058,24,155,286603,355464,348592,0.09875470823306534,-0.03254361136301464,0.005166202861167772,-0.00020565899893251538,0.005710241447185723,-0.012689921314677503,0.005776724789265981,-0.0069740860882272155,0.004576193518592138,-0.011533760518544182
Q067,26,154,485315,458655,379712,0.16112150879382542,-0.029063039776102657,0.006218762991269445,0.005694545710245041,0.004741713672686937,-0.00047558229243439755,-0.0043152164029756895,0.0039148476157709776,-0.0022912386581549027,-0.00402407397250054
Q166,30,234,655614,329066,329066,0.16112150879382542,-0.029063039776102657,0.006218762991269445,0.005694545710245041,0.004741713672686937,-0.00047558229243439755,-0.0043152164029756895,0.0039148476157709776,-0.0022912386581549027,-0.00402407397250054
K277,22,154,237607,289469,277125,0.16112150879382542,-0.029063039776102657,0.006218762991269445,0.005694545710245041,0.004741713672686937,-0.00047558229243439755,-0.0043152164029756895,0.0039148476157709776,-0.0022912386581549027,-0.00402407397250054
K320,17,155,636400,331974,331974,0.16112150879382542,-0.029063039776102657,0.006218762991269445,0.005694545710245041,0.004741713672686937,-0.00047558229243439755,-0.0043152164029756895,0.0039148476157709776,-0.0022912386581549027,-0.00402407397250054
Q122,30,154,588650,461253,367601,0.11864702597891774,-0.026742252851155703,0.0035486128951004066,0.0030595845736701953,0.0014876420142064003,0.0007884686842041161,0.004695294855565132,-0.0051920256477050435,-0.00019346098872038303,0.0017745239237179427
K228,21,241,1195757,381481,381481,0.14258666955239152,-0.026627855492219635,0.00323684060665948,0.0034165806908960997,0.0013032390326671137,-0.0013578818329094877,0.003434058923842156,-0.004201101926856771,0.0011684206611533314,0.001950557511997264
K332,23,195,686840,480613,480613,0.0666181371223068,-0.012018081595377768,-0.0022184910955214917,0.0012649531745844717,0.0005152819505493604,0.001348151886130202,-0.0030805714337198307,0.00030046060373770654,-0.004759475503466796,0.000911202100475192
Q216,26,141,1032001,656358,651217,0.1861421216972594,-0.028438730827545226,0.005248252231737941,0.005667351447973411,0.003832727196424073,-0.0032276562969806273,-0.004278850469181545,0.0034807653975354887,3.494610844952363e-05,-0.0026179016966074355
K249,17,153,462806,390853,347640,0.1861421216972594,-0.028438730827545226,0.005248252231737941,0.005667351447973411,0.003832727196424073,-0.0032276562969806273,-0.004278850469181545,0.0034807653975354887,3.494610844952363e-05,-0.0026179016966074355
Q062,27,155,547485,398724,308653,0.1861421216972594,-0.028438730827545226,0.005248252231737941,0.005667351447973411,0.003832727196424073,-0.0032276562969806273,-0.004278850469181545,0.0034807653975354887,3.494610844952363e-05,-0.0026179016966074355
M134,1,150,1486620,808561,771823,0.18614211862817637,-0.02843872802607599,0.005248261437434992,0.0056673601610045836,0.0038327283654673917,-0.0032276533212048136,-0.004278851349916474,0.003480761876509722,3.4945869222282034e-05,-0.002617902146329882
K062,20,258,1094151,501186,501186,0.14258667546977,-0.02662786007218141,0.0032368426298362498,0.003416593092136153,0.0013032329322593334,-0.00135788097601172,0.0034340534098187057,-0.004201103746644412,0.0011684211484874905,0.0019505611819028077
K111,32,155,408683,430909,317537,0.2080603038243803,-0.02726514447046691,0.0051201043600762105,0.007887578064016383,0.0012377623122313455,-0.000992816263009079,-0.006423570295958359,0.00566265844789921,0.002083401154281787,-0.004697570892498825
Q089,24,155,568834,319390,303878,0.14993955278757726,-0.025543656093776606,0.002816176593276351,0.004521607392603965,-0.0008483350351458139,0.0004436561208214248,0.0032897180679032217,-0.004026821036846682,0.002722967129301729,0.0013255244152864864
K128,21,185,59900,130004,130004,0.30197012249291855,0.017607428828398483,-0.0028117816491738962,-0.0017856827814080735,-0.00033487167907954524,0.006470177787484546,-0.00981441617245896,0.006575082369126122,0.008709837255781358,0.017172272348130287
K027,15,182,48060,57187,57187,0.30197012249291855,0.017607428828398483,-0.0028117816491738962,-0.0017856827814080735,-0.00033487167907954524,0.006470177787484546,-0.00981441617245896,0.006575082369126122,0.008709837255781358,0.017172272348130287
Q430,26,189,148068,207239,207049,0.0971526538317395,0.010759749568823,-0.0015737398031309675,-0.015438681314229952,0.00300920525648817,0.005284915747152808,-0.003294122510318673,0.0023631556835183175,0.0034670270672674934,0.004154494073861393
Q470,28,122,161730,179559,166637,0.35623212063332904,0.014920061417668322,-0.002419930106061202,-0.010885299821018291,-0.006913791102069801,-0.005497207398003286,0.0005792686042831861,0.01601180740046775,0.016528706114610756,0.0047306663896152885
Q485,24,184,115470,150444,137996,0.2946202915337475,0.01495086401666121,-0.00677826928670759,-0.009717203263992719,-0.004283337224039921,-0.005913391223330626,-0.0009477996772240958,0.02249276386444897,0.025718742275080878,0.011543978369540742
K435,19,136,83405,117356,73329,0.5204508476630003,0.015158155451115643,-0.0010648982285867798,-0.010979846281870135,-0.008399820116033999,-0.006128242143509405,0.0011795164901463584,0.019251442987280265,0.02248338300223349,0.007350069906697158
Q206,28,139,108623,139793,69424,-0.2816855268116824,-0.0020667856726146855,-0.009139030757999171,-0.0006112308583948682,0.0025403995529438457,-0.007416627620565349,-0.0051419617755039315,-0.006559000577738282,-0.005149796969584883,0.0018642080265068356
X053,9,168,149750,130820,109247,-0.18390893221743135,0.0022741923008285955,-0.008031719439762358,-0.0072478597815521335,0.0010310347325029707,-0.0062882516523753524,-0.008420749317985806,0.0008705260226251034,-0.009313537552251073,0.005286821340557493
X119,8,155,623380,391037,391037,-0.13046314617891608,-0.012559639606449019,-0.00955399362745668,-0.0007272481671025112,0.0031789818830085586,-0.0013384324338185638,-0.0016129628208126246,-0.0015323851206443136,0.005543011811903922,0.000909925613635435
K410,21,124,975558,443445,393763,0.2323871930813138,0.0036288039971287185,-0.010354213852464298,-0.0068777139620132405,0.0011032244950291263,0.0032529021011276815,-0.005189992541218565,0.0035739499267407153,0.0038399704526745305,0.00767977221225475
K209,21,139,139700,160627,120869,0.24795244235438996,0.008233459978724288,-0.004252997344403002,-0.0024410506183730773,-0.00983963975113647,-0.012468248643082623,-0.004341548836569637,0.010966259597171927,0.008906471652097528,-0.02046706640436256
X650,8,138,236040,432892,432892,0.24795244235439,0.008233459978724288,-0.0042529973444030015,-0.0024410506183730777,-0.00983963975113647,-0.01246824864308262,-0.004341548836569639,0.010966259597171926,0.008906471652097528,-0.020467066404362574
K243,16,155,59284,59284,48206,-0.19106063587773495,-0.002943295005676155,-0.014151783547590481,-0.007732413602333401,0.00879316933659114,-0.0014362815657392712,-0.005810424074589977,0.0016169910783444695,0.009483359488061456,0.01379493853218334
X002,9,153,39600,52900,41175,0.2686386408521355,0.009166789749483156,-0.008355468966123077,-0.0016772855044892069,-0.01689314763215266,-0.027274236744665906,-0.011804177285757118,-0.010203206256859384,-0.016024262672501947,0.0021517358160107435
K324,16,152,55361,85939,71160,0.2686386408521355,0.00916678974948316,-0.008355468966123077,-0.0016772855044892066,-0.016893147632152654,-0.027274236744665902,-0.011804177285757122,-0.010203206256859382,-0.016024262672501947,0.002151735816010745
K302,19,152,52650,92180,78074,0.26863864085213546,0.009166789749483163,-0.008355468966123077,-0.001677285504489203,-0.01689314763215266,-0.02727423674466589,-0.011804177285757118,-0.010203206256859389,-0.016024262672501954,0.00215173581601075
M152,6,153,47852,57518,45646,0.26863864085213546,0.009166789749483161,-0.008355468966123077,-0.001677285504489203,-0.016893147632152664,-0.027274236744665892,-0.011804177285757115,-0.010203206256859384,-0.016024262672501947,0.0021517358160107487
X047,12,184,31680,38449,34424,0.26863864085213546,0.009166789749483161,-0.008355468966123079,-0.0016772855044892027,-0.01689314763215265,-0.027274236744665892,-0.011804177285757117,-0.010203206256859382,-0.016024262672501954,0.0021517358160107487
K660,19,153,75500,105064,85143,0.26863864085213546,0.009166789749483166,-0.008355468966123075,-0.001677285504489204,-0.016893147632152657,-0.02727423674466589,-0.011804177285757115,-0.010203206256859382,-0.01602426267250195,0.0021517358160107482
K345,19,83,380332,300305,296735,0.2615216298361979,-0.008868817164776301,0.0012595062646457373,0.0025538126940531786,-1.06195689503379e-05,0.0004922146867524745,-0.008253545310332958,0.008130560837596008,-0.003754472627726549,0.00344707047620909
Q440,28,154,61650,51130,51130,-0.125570956599649,0.010191002355603043,-0.012346209153315602,-0.00032893370935880873,0.0031159665418878345,-0.0012748413387854102,-0.006597014328148451,0.0027335343036236537,-0.007022172036608931,0.009395276421755337
Q134,29,171,1266898,829120,740158,0.14405114288190526,-0.003019843114662411,-0.0020667202119941425,-0.0052276467354747756,0.009966912972847094,0.004652566316242854,0.0017946230447782583,0.007316466376703917,-0.0124129009554299,-0.0006220691513168815
M123,5,242,431183,172913,172913,0.2444003700521652,-0.025702132923548,0.005302963458717092,0.00958269422991505,0.0025810659022001666,0.0030805219920078336,-0.01098256110127061,0.010450666634395747,-0.002992545596695105,0.0033260009412083304
R831,31,155,294850,297132,277317,0.19263230942718118,-0.028947824539272932,0.0029688837094335296,0.004180400622560573,-0.0012976576757122128,-0.013724397505509496,0.001560002859927324,-0.003478460407222783,0.013325463459603877,-0.012880754731798165
